"time","delta","opening","opponent_exp","eval_depth","white_elo","black_elo","poi_is_white","termination","index_after_merge"
490,2,"1. e4 c5 2. d4 cxd4 3. c3 dxc3 ",86,20,1335,1357,0,"won by resignation",175
65,0,"1. e4 c5 2. Nf3 Nc6 3. d4 cxd4 ",7,20,1370,1349,0,"won by resignation",393
274,0,"1. e4 c6 2. d4 d5 3. e5 Bf5 ",39,20,1356,1310,1,"won by resignation",438
596,1,"1. e4 c5 2. Nf3 Nc6 3. d4 cxd4 ",42,20,1430,1366,0,"won by resignation",411
405,0,"1. d4 d5 2. c4 e5 3. dxe5 d4 ",1,20,1357,1358,0,"won by resignation",62
15882,1,"1. e4 c5 2. Nf3 Nc6 3. d4 cxd4 ",3,20,938,1217,0,"won by checkmate",416
553,0,"1. e4 e5 2. Nf3 Nc6 3. c3 Nf6 ",3,20,1366,1370,1,"won by resignation",616
319,1,"1. e4 c5 2. Nc3 g6 3. Bc4 Bg7 ",2,20,1386,1375,0,"won by checkmate",211
375,2,"1. e4 e5 2. Nf3 Nc6 3. c3 Bc5 ",2,20,1374,1311,1,"draw",566
483,2,"1. e4 c5 2. Nf3 Nc6 3. Bb5 g6 ",1,20,1366,1399,1,"won by resignation",346
493,0,"1. e4 c5 2. Nf3 Nc6 3. Bc4 e6 ",2,20,1332,1373,0,"won by resignation",350
441,2,"1. e4 c5 2. Nf3 d6 3. d4 cxd4 ",2,20,1363,1326,1,"won by resignation",291
118,1,"1. d4 d5 2. c4 Nc6 3. Nc3 dxc4 ",10,20,1233,1259,0,"draw",81
104,2,"1. e4 e6 2. d4 Ne7 3. Nf3 g6 ",8,20,1251,1288,1,"won by resignation",669
72,0,"1. Nf3 d5 2. Nc3 Nc6 3. d4 e6 ",1,20,1277,1243,0,"won by resignation",709
136,0,"1. e4 c6 2. d4 d5 3. e5 Bf5 ",0,20,1235,1236,1,"won by resignation",425
119,1,"1. e3 Nc6 2. d3 Nf6 3. c3 e6 ",1,20,1206,1226,0,"won by resignation",119
127,2,"1. e4 d6 2. Be2 e6 3. Nf3 f6 ",2,20,1218,1214,1,"won by resignation",502
123,0,"1. e4 c5 2. f4 Nc6 3. Nf3 g6 ",7,20,1168,1225,0,"won by resignation",195
141,1,"1. g3 d5 2. Bg2 Nf6 3. d3 Bf5 ",2,20,1222,1217,0,"won by resignation",700
135,0,"1. e4 e5 2. Nf3 Bc5 3. Bc4 d6 ",28,20,1225,1198,1,"won by resignation",515
131,2,"1. e4 b6 2. d4 Bb7 3. Nc3 Nf6 ",77,20,1219,1325,1,"won by resignation",127
140,2,"1. e4 c5 2. d4 cxd4 3. Qxd4 Nc6 ",4,20,1258,1228,0,"won by resignation",184
48,2,"1. e4 Nf6 2. e5 Nd5 3. c4 Nb6 ",41,20,1220,1238,1,"won by resignation",691
45,2,"1. e4 e5 2. Nf3 c6 3. c3 Qb6 ",1,20,1229,1240,1,"game abandoned",518
120,0,"1. d4 d5 2. Bf4 c5 3. e3 Nc6 ",2,20,1239,1237,0,"won by resignation",29
258,2,"1. e4 c5 2. a3 Nc6 3. Bc4 Nf6 ",2,20,1308,1370,0,"won by resignation",131
148,2,"1. e4 c6 2. d4 d5 3. e5 c5 ",27,20,1380,1447,1,"game abandoned",449
432,2,"1. e4 c5 2. Nc3 Nc6 3. d3 g6 ",3,20,1369,1388,0,"won by resignation",217
420,0,"1. e4 c5 2. Nf3 Nc6 3. Bc4 e6 ",9,20,1397,1380,0,"won by resignation",353
429,0,"1. e4 e5 2. Nf3 Nf6 3. Nxe5 Nc6 ",48,18,1387,1312,1,"won by resignation",641
454,1,"1. Nf3 Nf6 2. d4 g6 3. g3 Bg7 ",1,20,1268,1376,0,"won by checkmate",712
355,0,"1. e4 b6 2. d4 Bb7 3. Nc3 g6 ",10,16,1385,1422,1,"won by resignation",126
218,0,"1. e4 e6 2. d4 d5 3. e5 c5 ",66,20,1393,1395,1,"won by resignation",659
514,2,"1. e4 c5 2. Nf3 Nc6 3. g3 g6 ",1,20,1493,1387,0,"won by resignation",417
499,1,"1. e4 c5 2. Nf3 Nc6 3. Be2 g6 ",3,20,1342,1394,0,"won by resignation",360
600,1,"1. e4 c6 2. d4 d5 3. e5 c5 ",30,20,1385,1341,1,"won by resignation",450
492,0,"1. e4 c5 2. Nf3 Nc6 3. c3 g6 ",1,20,1358,1376,0,"won by resignation",366
461,0,"1. e4 c6 2. d4 d5 3. e5 c5 ",8,20,1385,1406,1,"won by resignation",451
336,2,"1. e4 e5 2. Nf3 Nf6 3. Nxe5 Bc5 ",6,18,1377,1405,1,"won by resignation",631
391,0,"1. e4 c5 2. Nf3 Nc6 3. Bc4 e6 ",13,18,1417,1370,0,"won by resignation",354
83,2,"1. e4 e5 2. Nf3 Nc6 3. c3 Bc5 ",2,20,1361,1338,1,"won by resignation",562
259,0,"1. e4 d5 2. exd5 Qxd5 3. Nc3 Qd8 ",4,20,1369,1351,1,"won by resignation",497
429,0,"1. e4 c5 2. Nf3 Nc6 3. Bc4 e6 ",2,20,1385,1361,0,"won by resignation",351
519,2,"1. e4 c5 2. Nf3 Nc6 3. Bb5 e6 ",3,20,1352,1348,1,"won by resignation",345
462,2,"1. d4 d5 2. Bf4 Nc6 3. Nf3 Bg4 ",1,20,1401,1361,0,"won by resignation",42
545,0,"1. e4 c5 2. Nf3 Nc6 3. d4 cxd4 ",15,12,1391,1354,0,"won by resignation",401
78002,2,"1. e4 c5 2. Nf3 Nc6 3. Nc3 d6 ",1,20,1026,1217,0,"won by resignation",418
451,1,"1. e4 c5 2. Nf3 Nc6 3. Bc4 e6 ",19,20,1386,1347,0,"won by checkmate",352
636,1,"1. e4 c6 2. d4 d5 3. e5 Bf5 ",2,20,1355,1337,1,"won by checkmate",436
216,1,"1. e4 c5 2. Nf3 e6 3. d4 cxd4 ",39,20,1362,1298,1,"won by checkmate",340
156,0,"1. e4 c5 2. Nf3 Nc6 3. d4 cxd4 ",9,20,1241,1351,0,"won by resignation",369
457,2,"1. e4 c5 2. f4 Nc6 3. Nf3 d6 ",7,20,1351,1343,0,"won by resignation",192
340,0,"1. e4 e5 2. Nf3 Nc6 3. c3 Bc5 ",8,20,1349,1270,1,"won by resignation",560
128,0,"1. e4 d5 2. Nf3 dxe4 3. Nd4 f5 ",1,20,1228,1217,1,"won by resignation",499
713,1,"1. e4 c5 2. d4 cxd4 3. c3 dxc3 ",31,20,1389,1358,0,"won by resignation",176
461,1,"1. e4 e6 2. d4 d5 3. e5 c5 ",38,20,1351,1396,1,"won by resignation",657
668,1,"1. e4 c5 2. Nf3 Nc6 3. d4 cxd4 ",24,20,1321,1358,0,"won by resignation",383
466,1,"1. e4 c5 2. f4 Nc6 3. Nf3 e6 ",6,20,1363,1366,0,"won by checkmate",193
494,0,"1. Nf3 d5 2. g3 Nc6 3. Bg2 Nf6 ",4,20,1233,1355,0,"won by resignation",707
124,1,"1. e4 c5 2. Nf3 e6 3. Bc4 a6 ",24,20,1363,1360,1,"won by checkmate",328
203,2,"1. e4 e5 2. Nf3 Nc6 3. c3 Nf6 ",1,20,1355,1361,1,"won by resignation",613
584,1,"1. e4 c5 2. Nf3 Nc6 3. Bb5 g6 ",4,20,1389,1364,0,"won by checkmate",348
319,1,"1. e4 c5 2. f4 Nc6 3. Nc3 e6 ",1,20,1403,1357,0,"won by resignation",191
471,0,"1. e4 c5 2. Nf3 Nc6 3. d4 cxd4 ",45,20,1366,1384,1,"won by resignation",391
199,0,"1. e4 e5 2. Nf3 Nc6 3. c3 Nf6 ",3,20,1358,1362,1,"won by resignation",614
412,1,"1. e4 c5 2. Nf3 d6 3. d4 cxd4 ",27,20,1311,1349,0,"won by checkmate",279
481,2,"1. e4 c5 2. d4 cxd4 3. c3 dxc3 ",29,20,1423,1359,0,"won by resignation",178
685,2,"1. e4 e6 2. d4 d5 3. e5 c5 ",6,20,1359,1353,1,"draw",658
192,2,"1. e4 e5 2. Nf3 Nc6 3. c3 Nf6 ",1,20,1456,1520,1,"won by resignation",627
878,2,"1. g3 Nf6 2. Bg2 g6 3. d3 Bg7 ",7,20,1426,1473,0,"won by resignation",701
393,2,"1. e4 e5 2. Nf3 Nc6 3. c3 Bc5 ",2,20,1456,1476,1,"won by resignation",572
58,0,"1. e4 c5 2. Nf3 Nc6 3. d4 cxd4 ",15,20,1472,1440,1,"won by resignation",415
265,0,"1. d4 d5 2. Bf4 c5 3. c3 Nc6 ",7,20,1508,1458,0,"won by resignation",23
702,2,"1. d4 d5 2. c4 e5 3. dxe5 d4 ",2,20,1436,1472,0,"won by resignation",67
230,0,"1. e4 e5 2. Nf3 Nc6 3. c3 Nf6 ",5,20,1366,1336,1,"won by resignation",615
471,0,"1. e4 e5 2. Nf3 Nc6 3. c3 d6 ",17,20,1374,1373,1,"won by resignation",592
428,0,"1. e4 c5 2. Nf3 Nc6 3. d4 cxd4 ",1,20,1383,1394,1,"won by resignation",399
356,0,"1. c4 Nf6 2. d4 d5 3. Nc3 e6 ",3,20,1394,1375,0,"won by resignation",14
485,0,"1. e4 c5 2. Nc3 Nc6 3. Bb5 g6 ",9,20,1371,1367,0,"won by resignation",216
396,0,"1. e4 c5 2. Be2 d5 3. exd5 Qxd5 ",1,20,1396,1359,0,"won by resignation",151
470,0,"1. c4 Nf6 2. d4 d5 3. cxd5 Nxd5 ",3,20,1376,1351,0,"won by resignation",13
413,1,"1. e4 c6 2. d4 d5 3. e5 c5 ",9,20,1341,1288,1,"won by resignation",447
520,0,"1. e4 c5 2. Nf3 d6 3. Bc4 Nc6 ",1,20,1379,1334,0,"won by resignation",242
137,0,"1. d4 d5 2. a3 Nc6 3. b4 Bf5 ",19,20,1226,1251,0,"unknown end",20
8,2,"1. e3 d5 2. Be2 e5 3. Nf3 Nc6 ",1,20,1243,1281,1,"won by resignation",112
21,2,"1. d4 d5 2. c4 e5 3. Nc3 dxc4 ",1,20,1335,1237,0,"won by resignation",75
337,0,"1. e4 d5 2. exd5 c6 3. dxc6 Nxc6 ",2,20,1342,1337,1,"won by resignation",461
405,1,"1. e4 c6 2. d4 d5 3. e5 Bf5 ",14,20,1332,1272,1,"won by checkmate",432
463,2,"1. e4 e5 2. Nf3 d6 3. Bc4 c5 ",12,20,1321,1206,1,"won by resignation",531
29,2,"1. e4 e5 2. Nf3 Nf6 3. Nxe5 Nxe4 ",67,20,1313,1335,1,"won by resignation",642
508,0,"1. e4 c5 2. d3 Nc6 3. f4 d6 ",8,20,1330,1305,0,"won by resignation",168
442,0,"1. e4 c5 2. Nf3 Nc6 3. d4 cxd4 ",81,20,1313,1315,1,"won by resignation",376
109,1,"1. e4 c5 2. Nf3 d6 3. d4 cxd4 ",9,20,1241,1245,0,"won by checkmate",265
102,1,"1. d4 d5 2. e3 Nf6 3. f3 g6 ",14,20,1216,1252,0,"won by checkmate",92
40,0,"1. e4 d5 2. exd5 Qxd5 3. Nc3 Qd6 ",168,20,1261,1276,1,"won by resignation",487
130,2,"1. e4 c5 2. Nf3 d6 3. Bc4 Nc6 ",2,20,1265,1253,0,"won by resignation",234
103,2,"1. e4 e5 2. Nf3 Nc6 3. c3 Nf6 ",2,20,1245,1246,1,"won by resignation",602
129,1,"1. e4 e5 2. Nf3 Nc6 3. c3 d6 ",4,20,1236,1210,1,"won by checkmate",583
59,0,"1. b3 d5 2. Bb2 Nc6 3. g3 e5 ",7,20,1253,1228,0,"won by resignation",6
95,1,"1. e4 d6 2. d4 Bd7 3. e5 e6 ",8,20,1221,1264,1,"won by resignation",503
85,1,"1. e4 g6 2. d4 Bg7 3. Nf3 e6 ",2,20,1213,1246,1,"won by resignation",677
81,1,"1. e4 e6 2. d4 d5 3. e5 c5 ",11,20,1205,1235,1,"won by checkmate",651
28,0,"1. e4 c5 2. Nf3 d6 3. d4 cxd4 ",27,20,1197,1197,0,"won by resignation",260
141,1,"1. d4 d5 2. Bf4 c5 3. e3 Nc6 ",1,20,1150,1204,0,"won by resignation",27
127,2,"1. e4 c5 2. Nc3 d6 3. Nf3 Nc6 ",6,20,1167,1211,0,"won by resignation",203
133,0,"1. e4 d5 2. exd5 Qxd5 3. Nc3 Qa5 ",39,20,1201,1121,1,"won by resignation",478
120,2,"1. d4 d5 2. Bf4 c5 3. dxc5 Nc6 ",2,20,1158,1208,0,"won by resignation",25
116,2,"1. e4 e5 2. Nf3 Nc6 3. c3 Nf6 ",16,20,1215,1168,1,"won by resignation",601
120,1,"1. e4 Nc6 2. f4 d5 3. e5 f6 ",1,20,1222,1168,1,"won by resignation",688
134,2,"1. e4 c5 2. Nc3 d6 3. f4 Nc6 ",1,20,1247,1214,0,"won by resignation",201
141,1,"1. e4 g6 2. Nf3 Bg7 3. Bc4 e6 ",7,20,1222,1191,1,"won by resignation",684
86,1,"1. e4 e6 2. d4 f6 3. Nf3 Qe7 ",13,20,1230,1209,1,"won by checkmate",668
136,2,"1. b3 d5 2. Bb2 Nc6 3. a3 Bf5 ",2,20,1184,1229,0,"draw",3
131,1,"1. e4 c5 2. Nc3 d6 3. Nd5 e6 ",1,20,1254,1238,0,"won by checkmate",202
81,2,"1. d4 d5 2. c4 e5 3. dxe5 d4 ",1,20,1198,1245,0,"won by resignation",54
134,2,"1. e4 d5 2. exd5 Qxd5 3. Nc3 Qe6+ ",508,20,1253,1221,1,"won by resignation",498
74,1,"1. e4 e5 2. Nf3 Nc6 3. c3 Bc5 ",1,20,1244,1239,1,"won by checkmate",544
129,1,"1. e3 c5 2. b3 e6 3. Bb2 a6 ",2,20,1252,1230,1,"won by resignation",110
124,0,"1. b3 d5 2. Bb2 Nc6 3. e3 Bf5 ",11,20,1282,1261,0,"won by resignation",4
139,1,"1. d4 d5 2. Nf3 Nc6 3. Bf4 Bf5 ",5,20,1220,1268,0,"won by resignation",105
20,2,"1. e4 c5 2. Nf3 d6 3. Bc4 e6 ",18,20,1263,1260,0,"won by resignation",230
396,1,"1. e4 e5 2. Nf3 Nc6 3. c3 Bc5 ",5,20,1322,1331,1,"won by resignation",553
231,0,"1. e4 c5 2. Nf3 e6 3. b3 Nc6 ",1,20,1331,1350,1,"won by resignation",327
316,2,"1. e4 c5 2. Nf3 d6 3. c3 Nf6 ",11,20,1355,1323,0,"won by resignation",254
516,2,"1. e4 c5 2. Nf3 d6 3. d4 cxd4 ",10,20,1284,1322,0,"draw",271
443,1,"1. e4 c5 2. Nf3 d6 3. c3 Nf6 ",30,20,1232,1328,0,"won by checkmate",252
334,2,"1. e4 c5 2. Nf3 d6 3. d4 cxd4 ",23,20,1320,1317,1,"won by resignation",282
140,0,"1. e4 d5 2. exd5 Nf6 3. c4 c6 ",2,20,1269,1277,1,"won by resignation",464
118,0,"1. e4 c5 2. d4 cxd4 3. Nf3 d3 ",1,20,1214,1276,0,"won by resignation",182
122,1,"1. e4 c6 2. d4 d5 3. e5 Bf5 ",56,20,1268,1277,1,"won by checkmate",426
97,2,"1. e3 d6 2. Bc4 h6 3. Nf3 e6 ",1,20,1259,1241,1,"won by resignation",115
105,1,"1. e4 c5 2. Bc4 d6 3. Nc3 Nc6 ",4,20,1270,1251,0,"won by checkmate",135
150,1,"1. e4 d5 2. exd5 Qxd5 3. Nc3 Qd8 ",275,20,1259,1246,1,"won by resignation",489
102,1,"1. e4 e6 2. d4 d5 3. e5 c5 ",34,20,1251,1255,1,"won by resignation",652
90,1,"1. e4 c5 2. Nf3 d6 3. Nc3 Nf6 ",17,20,1276,1260,0,"won by resignation",324
125,0,"1. e3 d5 2. c4 d4 3. exd4 Qxd4 ",18,20,1227,1251,0,"won by resignation",113
137,0,"1. e4 c5 2. Nf3 d6 3. Nc3 g6 ",1,20,1229,1259,0,"won by resignation",318
350,1,"1. e4 e5 2. Nf3 d6 3. Bc4 Nf6 ",49,20,1327,1268,1,"won by checkmate",537
391,2,"1. e4 c5 2. Nf3 d6 3. d4 cxd4 ",36,20,1288,1334,0,"won by resignation",273
436,2,"1. e4 e5 2. Nf3 Nc6 3. c3 d6 ",3,20,1327,1368,1,"won by resignation",590
68,0,"1. e4 c5 2. Nc3 g6 3. Bc4 Bg7 ",1,20,1354,1319,0,"won by resignation",210
526,1,"1. e4 c5 2. Nf3 Nc6 3. d4 cxd4 ",48,20,1313,1422,1,"won by resignation",379
456,2,"1. e4 c6 2. d4 d5 3. e5 Bf5 ",25,20,1305,1338,1,"won by resignation",430
362,1,"1. e4 e5 2. Nf3 Nc6 3. c3 Bc5 ",1,20,1312,1249,1,"won by checkmate",551
163,0,"1. e4 c5 2. Nf3 d6 3. Bb5+ Bd7 ",4,20,1302,1304,0,"won by resignation",226
599,1,"1. e4 c5 2. Nf3 Nc6 3. d4 cxd4 ",13,20,1313,1321,1,"won by checkmate",378
598,1,"1. e4 c5 2. Nf3 d6 3. d4 cxd4 ",8,20,1332,1305,0,"won by checkmate",284
49,1,"1. d4 d5 2. c4 e5 3. e3 exd4 ",1,20,1249,1267,0,"won by checkmate",71
59,1,"1. e4 d6 2. d4 Nf6 3. Nc3 g6 ",56,20,1275,1273,1,"won by checkmate",509
131,1,"1. e4 c5 2. Nf3 d6 3. d4 a6 ",13,20,1283,1259,1,"won by checkmate",257
130,2,"1. d4 d5 2. e3 c5 3. Nc3 Nc6 ",3,20,1223,1290,0,"won by resignation",87
143,1,"1. e4 c5 2. Bc4 d6 3. d3 e6 ",3,20,1262,1281,0,"won by resignation",134
130,2,"1. e4 d5 2. exd5 Qxd5 3. Nc3 Qd8 ",62,20,1272,1267,1,"won by resignation",490
121,0,"1. e3 c5 2. d4 d5 3. c3 Nc6 ",1,20,1264,1280,0,"won by resignation",111
121,1,"1. e4 e5 2. Nf3 Nc6 3. c3 Nf6 ",6,20,1271,1264,1,"won by checkmate",604
176,2,"1. e4 c6 2. d4 d5 3. e5 Bf5 ",33,20,1298,1355,1,"won by resignation",428
368,0,"1. e4 e5 2. Nf3 Nc6 3. c3 b6 ",3,20,1307,1312,1,"won by resignation",543
617,1,"1. d4 d5 2. c4 e5 3. Nc3 exd4 ",1,20,1284,1315,0,"won by checkmate",77
351,0,"1. e4 c5 2. Nf3 d6 3. d4 cxd4 ",21,20,1358,1308,0,"won by resignation",290
349,2,"1. e4 c5 2. Nf3 d6 3. c3 Nf6 ",8,20,1279,1315,0,"won by resignation",253
528,0,"1. e4 e5 2. Nf3 Nc6 3. c3 d6 ",2,20,1323,1315,1,"won by resignation",589
448,2,"1. e4 e5 2. Nf3 Nc6 3. c3 Nf6 ",1,20,1315,1351,1,"won by resignation",608
291,1,"1. e4 c5 2. c3 Nf6 3. d4 Nxe4 ",1,20,1298,1306,0,"won by checkmate",159
345,0,"1. d4 d5 2. Bf4 c5 3. e3 Nc6 ",4,20,1439,1301,0,"won by resignation",37
340,2,"1. e4 g6 2. d4 Bg7 3. Nf3 e6 ",23,20,1292,1285,1,"won by resignation",678
351,0,"1. e4 c5 2. Nc3 g6 3. f4 Bg7 ",1,20,1291,1284,0,"won by resignation",212
447,2,"1. e4 e5 2. Nf3 Nc6 3. c3 Be7 ",2,20,1275,1245,1,"won by resignation",574
487,1,"1. e4 d5 2. exd5 Qxd5 3. Nc3 Qa5 ",69,20,1268,1319,1,"won by checkmate",479
109,2,"1. e4 c5 2. b4 c4 3. d4 cxd3 ",1,20,1301,1277,0,"won by resignation",133
566,1,"1. e4 Nf6 2. e5 Nd5 3. c4 Nb6 ",1,20,1286,1292,1,"won by checkmate",692
357,2,"1. e4 c5 2. d4 cxd4 3. c3 dxc3 ",1,20,1284,1294,0,"won by resignation",171
442,0,"1. e4 c6 2. d4 d5 3. e5 Bf5 ",3,20,1302,1276,1,"won by resignation",429
596,1,"1. e4 c5 2. Nf3 d6 3. c3 Nc6 ",2,20,1208,1308,0,"won by resignation",250
379,0,"1. e4 e5 2. Nf3 Nc6 3. c3 d5 ",2,20,1315,1271,1,"won by resignation",577
25,2,"1. e4 c5 2. d4 cxd4 3. c3 dxc3 ",18,20,1314,1323,0,"won by resignation",173
216,2,"1. e4 c5 2. Nf3 e6 3. d4 cxd4 ",65,20,1330,1280,1,"won by resignation",339
280,1,"1. e4 c5 2. c3 Nc6 3. d4 cxd4 ",25,20,1332,1338,0,"won by checkmate",154
72,0,"1. e4 c5 2. Nf3 d6 3. c3 Nc6 ",4,20,1436,1332,0,"won by resignation",251
263,2,"1. e4 e5 2. Nf3 Nc6 3. c3 Bc5 ",4,20,1325,1368,1,"won by resignation",554
373,0,"1. e4 e5 2. Nf3 Nc6 3. c3 Nf6 ",1,20,1334,1354,1,"won by resignation",611
39,0,"1. e4 c5 2. Nf3 d6 3. Bc4 e6 ",3,20,1468,1329,0,"won by resignation",231
432,2,"1. e4 c5 2. Nf3 d6 3. Bb5+ Bd7 ",5,20,1298,1320,0,"won by resignation",225
501,1,"1. e4 e5 2. Nf3 d6 3. Bc4 Bg4 ",4,20,1310,1232,1,"won by resignation",527
456,2,"1. e4 d5 2. exd5 Qxd5 3. Nc3 Qa5 ",60,20,1303,1352,1,"won by resignation",481
250,0,"1. e4 c5 2. Nf3 d6 3. Bc4 Nc6 ",1,20,1325,1295,0,"won by resignation",236
412,2,"1. e4 c5 2. Nf3 d6 3. d4 Nf6 ",1,20,1287,1316,1,"won by resignation",316
427,2,"1. e4 e6 2. d4 d6 3. Nf3 a6 ",21,20,1279,1279,1,"won by resignation",666
563,2,"1. d4 d5 2. Nc3 Nf6 3. Bf4 g6 ",4,20,1188,1277,0,"draw",100
554,0,"1. e4 c5 2. d4 cxd4 3. c3 Nc6 ",12,20,1336,1270,0,"won by resignation",181
255,2,"1. d4 d5 2. Nc3 Nf6 3. Bg5 Nc6 ",1,20,1238,1277,0,"won by resignation",101
585,1,"1. e4 e5 2. Nf3 Nf6 3. Nxe5 Nc6 ",28,20,1285,1267,1,"won by checkmate",634
498,2,"1. e4 c5 2. Nf3 d6 3. d4 cxd4 ",8,20,1344,1295,0,"won by resignation",286
307,2,"1. e4 c5 2. Nf3 Nc6 3. d4 cxd4 ",15,20,1287,1321,1,"won by resignation",372
296,0,"1. e4 e5 2. Nf3 Nc6 3. c3 Bc5 ",5,20,1296,1336,1,"won by resignation",548
446,0,"1. e4 d6 2. d4 c6 3. Nf3 Bg4 ",35,20,1303,1266,1,"won by resignation",504
6,2,"1. e4 d5 2. Nf3 dxe4 3. Nd4 Qxd4 ",3,20,1264,1305,1,"won by resignation",500
133,0,"1. d4 d5 2. Nf3 c5 3. Bf4 Nc6 ",1,20,1292,1256,0,"won by resignation",102
130,0,"1. e4 e6 2. d4 d5 3. e5 c5 ",10,20,1263,1226,1,"won by resignation",653
397,0,"1. e4 c5 2. d4 cxd4 3. Qxd4 Nc6 ",6,20,1282,1294,0,"won by resignation",185
440,2,"1. e4 c6 2. d4 d5 3. e5 Bf5 ",42,20,1286,1292,1,"won by resignation",427
315,0,"1. d4 d5 2. c4 e5 3. dxe5 d4 ",1,20,1260,1277,0,"won by resignation",55
78,2,"1. e4 c5 2. Nf3 Nc6 3. d4 cxd4 ",11,20,1254,1236,1,"won by resignation",370
616,1,"1. e4 c5 2. Bc4 Nc6 3. Nf3 e6 ",1,20,1204,1283,0,"won by resignation",144
548,0,"1. e4 e5 2. Nf3 Nc6 3. c3 Nf6 ",1,20,1292,1296,1,"won by resignation",606
278,0,"1. e4 c5 2. Nf3 d6 3. Bc4 Nf6 ",1,20,1312,1284,0,"won by resignation",249
406,0,"1. e4 c5 2. Nf3 d6 3. d4 cxd4 ",5,20,1269,1275,0,"won by resignation",270
602,2,"1. e4 c5 2. Nf3 d6 3. d4 cxd4 ",13,20,1268,1331,1,"won by resignation",269
386,1,"1. e4 c5 2. Nc3 Nc6 3. f4 e6 ",5,20,1279,1276,0,"won by resignation",218
476,2,"1. e4 d5 2. exd5 Nf6 3. c4 e6 ",13,20,1268,1273,1,"won by resignation",465
415,2,"1. e4 c5 2. Nf3 Nc6 3. d4 cxd4 ",19,20,1304,1261,0,"won by resignation",374
437,1,"1. e4 c5 2. Nf3 d6 3. Bc4 Nc6 ",3,20,1187,1267,0,"won by checkmate",232
381,0,"1. e4 e5 2. Nf3 Nc6 3. c3 Nf6 ",2,18,1274,1229,1,"won by resignation",605
419,2,"1. e4 e5 2. Nf3 d6 3. Bc4 Bg4 ",19,20,1266,1294,1,"won by resignation",525
512,0,"1. e4 e5 2. Nf3 Nc6 3. c3 d6 ",2,20,1273,1207,1,"won by resignation",585
59,1,"1. e4 c5 2. d4 Nc6 3. Nf3 e6 ",2,20,1213,1261,0,"won by checkmate",187
94,2,"1. e4 c5 2. Nf3 d6 3. d3 g6 ",1,20,1265,1269,0,"won by resignation",255
512,2,"1. e4 c5 2. d4 cxd4 3. c3 d3 ",3,20,1247,1281,0,"won by resignation",170
465,2,"1. e4 d5 2. exd5 Qxd5 3. Nc3 Qa5 ",78,20,1274,1333,1,"won by resignation",480
466,2,"1. e4 c5 2. Nf3 d6 3. d4 cxd4 ",77,20,1296,1283,0,"won by resignation",275
473,2,"1. e4 c5 2. Nf3 Nc6 3. d4 cxd4 ",23,20,1275,1290,1,"won by resignation",371
74,2,"1. e4 c5 2. Nf3 d6 3. d4 cxd4 ",4,20,1206,1282,0,"won by resignation",262
216,2,"1. e4 e5 2. Nf3 Nc6 3. c3 Bc5 ",9,20,1273,1245,1,"won by resignation",545
478,0,"1. d4 d5 2. e3 c5 3. dxc5 Nc6 ",1,20,1270,1265,0,"won by resignation",86
427,1,"1. e4 b6 2. d4 Bb7 3. Nc3 Nf6 ",2,20,1273,1247,1,"won by checkmate",128
258,2,"1. e4 c5 2. Nf3 e6 3. d4 cxd4 ",9,20,1265,1269,1,"won by resignation",336
408,2,"1. e4 e5 2. Nf3 Nc6 3. c3 d6 ",3,20,1256,1239,1,"won by resignation",584
494,0,"1. d4 d5 2. Bf4 c5 3. e3 Nc6 ",14,20,1235,1264,0,"won by resignation",28
474,1,"1. e4 c5 2. d4 cxd4 3. Nf3 Nc6 ",2,20,1250,1272,0,"won by checkmate",183
447,1,"1. e4 c5 2. Nf3 d6 3. d4 cxd4 ",3,20,1202,1279,0,"won by checkmate",261
523,0,"1. e4 c5 2. Nf3 d6 3. d4 cxd4 ",58,20,1286,1239,1,"won by resignation",272
419,0,"1. e4 e5 2. Nf3 d6 3. Bc4 Bg4 ",14,20,1293,1254,1,"won by resignation",526
603,1,"1. e4 c5 2. Nf3 d6 3. Bc4 Nf6 ",6,20,1179,1299,0,"won by checkmate",247
315,1,"1. f4 d5 2. e3 Nc6 3. b3 g6 ",1,20,1262,1306,0,"won by checkmate",696
370,1,"1. Nf3 d5 2. d4 c5 3. Bf4 Nc6 ",1,20,1245,1313,0,"won by checkmate",703
79,0,"1. e4 c5 2. Nf3 Nc6 3. d4 cxd4 ",9,20,1320,1283,1,"won by resignation",382
216,2,"1. e4 g6 2. d4 Bg7 3. Nf3 d6 ",5,20,1326,1231,1,"game abandoned",675
551,0,"1. e4 d5 2. exd5 Qxd5 3. Nc3 Qa5 ",84,20,1334,1317,1,"won by resignation",482
729,0,"1. e4 c5 2. Bc4 Nc6 3. e5 d5 ",1,20,1273,1324,0,"won by resignation",140
465,2,"1. e4 Nf6 2. e5 Nd5 3. c4 Nb6 ",34,20,1317,1356,1,"won by resignation",693
670,2,"1. e4 c5 2. Nf3 d6 3. d4 cxd4 ",3,16,1260,1307,0,"won by resignation",268
408,2,"1. e4 c5 2. Nf3 d6 3. d4 cxd4 ",49,20,1300,1346,1,"won by resignation",276
477,1,"1. e4 e5 2. Nf3 Nc6 3. c3 Nf6 ",1,20,1307,1238,1,"won by checkmate",607
532,0,"1. e4 c5 2. g3 d6 3. Bg2 Nc6 ",2,20,1275,1298,0,"won by resignation",200
378,2,"1. e4 c5 2. c3 Nf6 3. d3 e5 ",1,16,1365,1308,0,"won by resignation",158
398,0,"1. e4 c5 2. b3 Nf6 3. Bb2 Nxe4 ",1,20,1338,1301,0,"won by resignation",132
506,0,"1. e4 c6 2. d4 d5 3. e5 Bf5 ",2,20,1308,1246,1,"won by resignation",431
550,0,"1. e4 c5 2. Nf3 d6 3. Nc3 Nc6 ",1,20,1324,1300,0,"won by resignation",321
384,1,"1. e4 d5 2. exd5 Nf6 3. c4 Bg4 ",46,20,1292,1308,1,"won by resignation",463
416,2,"1. e4 g6 2. d4 d6 3. Nf3 Bg4 ",24,20,1284,1279,1,"won by resignation",679
259,0,"1. e4 c5 2. Nf3 d6 3. d4 cxd4 ",7,20,1227,1275,0,"won by resignation",263
432,2,"1. e4 e5 2. Nf3 Nc6 3. c3 Nf6 ",5,20,1268,1305,1,"won by resignation",603
396,0,"1. e4 e5 2. Nf3 Nc6 3. c3 d5 ",1,20,1277,1287,1,"won by resignation",576
465,0,"1. e4 d6 2. b3 Nf6 3. f3 e5 ",1,20,1285,1274,1,"won by resignation",501
538,1,"1. e4 c5 2. Nf3 d6 3. d4 cxd4 ",7,20,1311,1294,0,"won by resignation",278
552,2,"1. d4 d5 2. e3 c5 3. c3 Bf5 ",2,20,1222,1301,0,"won by resignation",84
484,2,"1. e4 c5 2. Nf3 Nc6 3. d4 cxd4 ",3,20,1376,1295,0,"won by resignation",395
369,0,"1. e4 e6 2. d4 d5 3. e5 c5 ",12,20,1304,1320,1,"won by resignation",655
438,0,"1. d4 d5 2. c4 e5 3. e3 exd4 ",5,18,1361,1297,0,"won by resignation",72
319,1,"1. e4 c5 2. Nf3 e6 3. d4 cxd4 ",66,20,1306,1331,1,"won by resignation",338
306,2,"1. e4 c5 2. Nf3 e6 3. d4 cxd4 ",53,20,1298,1313,1,"won by resignation",337
518,2,"1. Nf3 d5 2. d4 Nc6 3. c4 e6 ",1,20,1246,1305,0,"won by resignation",705
345,0,"1. e4 c5 2. Nf3 d6 3. d4 cxd4 ",46,20,1313,1315,1,"won by resignation",280
315,2,"1. c4 e5 2. Nc3 Nf6 3. Nf3 d6 ",7,20,1361,1322,0,"game abandoned",10
508,0,"1. e4 e5 2. Nf3 Nf6 3. Nxe5 Nc6 ",1,20,1331,1340,1,"won by resignation",635
514,1,"1. d4 d5 2. c4 e5 3. cxd5 Qxd5 ",2,20,1364,1340,0,"won by checkmate",52
511,2,"1. d4 d5 2. e3 Nc6 3. f4 Nf6 ",22,20,1375,1349,0,"won by resignation",90
540,2,"1. e4 e5 2. Nf3 Nc6 3. c3 f5 ",2,20,1340,1335,1,"won by resignation",596
467,1,"1. d4 d5 2. Bf4 c5 3. e3 Nc6 ",12,20,1327,1348,0,"won by checkmate",31
364,2,"1. e4 d6 2. d4 Nf6 3. Bd3 c5 ",3,20,1341,1377,1,"won by resignation",507
341,1,"1. e4 e5 2. Nf3 Bc5 3. Nxe5 Nf6 ",2,20,1333,1332,1,"won by checkmate",517
470,0,"1. d4 d5 2. e3 c5 3. c3 Nc6 ",3,18,1376,1326,0,"won by resignation",85
316,0,"1. e4 c5 2. Nf3 d6 3. Bc4 Nc6 ",2,20,1335,1318,0,"won by resignation",238
275,1,"1. e4 e5 2. Nf3 Nc6 3. c3 Bc5 ",2,20,1326,1319,1,"won by checkmate",555
477,0,"1. e4 e5 2. Nf3 Nc6 3. c3 Bc5 ",1,20,1333,1252,1,"won by resignation",556
485,2,"1. e4 c6 2. d4 d5 3. e5 Bf5 ",60,20,1341,1338,1,"won by resignation",434
427,2,"1. e4 c5 2. d3 Nc6 3. c3 Nf6 ",3,20,1350,1349,0,"won by resignation",165
135,2,"1. e4 c5 2. Nf3 e6 3. Bc4 d5 ",5,20,1316,1262,0,"won by resignation",329
139,2,"1. e4 e5 2. Nf3 d6 3. Bc4 Be7 ",54,20,1271,1307,1,"won by resignation",522
458,1,"1. b3 d5 2. Bb2 Nc6 3. e3 Bf5 ",2,20,1307,1356,0,"won by checkmate",5
250,2,"1. e4 c5 2. Nf3 d6 3. Bc4 Nc6 ",1,20,1357,1364,0,"won by resignation",240
323,0,"1. e4 d5 2. exd5 Qxd5 3. Nc3 Qa5 ",173,20,1372,1348,1,"won by resignation",485
266,0,"1. b3 d5 2. Ba3 g6 3. Nf3 Bg7 ",1,20,1316,1363,0,"won by resignation",2
418,0,"1. e4 e5 2. Nf3 Nc6 3. c3 Bc5 ",12,20,1355,1352,1,"won by resignation",561
428,2,"1. e4 c5 2. Nf3 Nc6 3. d4 cxd4 ",114,20,1346,1323,1,"won by resignation",389
162,0,"1. e4 c6 2. e5 d5 3. d4 Bf5 ",2,20,1338,1338,0,"won by resignation",456
469,2,"1. e4 e6 2. d4 d5 3. e5 c5 ",17,18,1331,1369,1,"won by resignation",656
288,2,"1. e4 c5 2. Nf3 d6 3. d4 cxd4 ",5,20,1192,1336,0,"won by resignation",259
379,0,"1. e4 Nc6 2. c3 e5 3. Bb5 d6 ",1,20,1343,1276,1,"won by resignation",687
487,2,"1. e4 c6 2. d4 d5 3. e5 Bf5 ",39,20,1346,1469,1,"draw",435
349,1,"1. e4 e5 2. Nf3 Nf6 3. Nxe5 Nc6 ",45,20,1338,1356,1,"won by resignation",637
421,1,"1. e4 c5 2. Nf3 e6 3. d3 Nc6 ",1,20,1346,1330,0,"won by checkmate",335
444,0,"1. d4 d5 2. Nf3 c5 3. c3 Bg4 ",1,20,1303,1321,0,"won by resignation",103
788,1,"1. e4 c5 2. d3 Nc6 3. c3 Nf6 ",1,20,1404,1453,0,"won by checkmate",166
426,1,"1. e4 d6 2. d4 c6 3. Nf3 g6 ",17,20,1484,1463,1,"won by checkmate",505
144,0,"1. e4 e5 2. Nf3 Nc6 3. c3 Bc5 ",1,20,1508,1444,1,"won by resignation",573
114,1,"1. e4 c5 2. Nf3 d6 3. Bb5+ Bd7 ",3,20,1357,1314,0,"won by checkmate",227
527,0,"1. e4 c5 2. Nf3 g6 3. c4 Bg7 ",1,20,1322,1314,1,"won by resignation",343
397,1,"1. e4 c5 2. Nf3 d6 3. d4 cxd4 ",26,20,1319,1314,0,"won by checkmate",281
163,2,"1. e4 c5 2. Nf3 Nc6 3. d4 cxd4 ",71,20,1305,1274,1,"won by resignation",375
62,0,"1. d4 d5 2. c3 c5 3. Nf3 Nc6 ",4,20,1249,1296,0,"won by resignation",44
507,2,"1. e4 c5 2. Nf3 d6 3. d4 cxd4 ",4,20,1244,1303,0,"won by resignation",266
179,0,"1. e4 e5 2. Nf3 Nc6 3. c3 Bc5 ",8,20,1310,1251,1,"won by resignation",550
210,2,"1. e4 e5 2. Nf3 Nc6 3. c3 d6 ",3,20,1302,1306,1,"won by resignation",587
190,0,"1. d4 d5 2. Bf4 c5 3. e3 Nc6 ",11,20,1298,1294,0,"won by resignation",30
799,1,"1. e4 c5 2. Bc4 Nc6 3. Nf3 e6 ",10,20,1318,1303,0,"won by checkmate",145
257,1,"1. e4 d5 2. exd5 Qxd5 3. Nc3 Qd8 ",114,20,1312,1330,1,"won by checkmate",494
487,1,"1. e4 c5 2. d4 cxd4 3. c3 dxc3 ",62,20,1303,1320,0,"won by checkmate",172
144,0,"1. e4 c5 2. Nf3 Nc6 3. d4 cxd4 ",21,20,1326,1226,1,"won by resignation",384
409,0,"1. e4 c6 2. d4 d5 3. e5 c5 ",13,20,1332,1251,1,"won by resignation",445
324,1,"1. d4 d5 2. c4 e5 3. cxd5 Qxd5 ",1,20,1250,1338,0,"won by checkmate",48
385,0,"1. d4 d5 2. Nf3 Nc6 3. Bf4 Nf6 ",4,20,1360,1330,0,"won by resignation",107
371,2,"1. e4 c5 2. Nf3 d6 3. d4 b6 ",1,20,1337,1288,1,"won by resignation",258
154,2,"1. e4 c5 2. Nf3 d6 3. Bc4 Nc6 ",8,20,1440,1331,0,"won by resignation",245
136,0,"1. e4 c6 2. d4 d5 3. e5 c5 ",13,20,1279,1265,1,"won by resignation",443
421,1,"1. e4 e5 2. Nf3 Nf6 3. Nxe5 d6 ",26,20,1338,1297,1,"won by checkmate",632
372,1,"1. e4 c5 2. Nf3 d6 3. Bc4 Nc6 ",1,20,1339,1346,0,"won by checkmate",239
498,0,"1. e4 c6 2. d4 d5 3. e5 c5 ",43,20,1353,1291,1,"won by resignation",448
148,0,"1. e4 d5 2. exd5 Qxd5 3. Nc3 Qd8 ",122,20,1363,1411,1,"won by resignation",496
201,0,"1. e4 c5 2. Nf3 Nc6 3. d4 cxd4 ",10,20,1370,1298,1,"won by resignation",392
115,2,"1. d4 d5 2. c4 e5 3. cxd5 Qxd5 ",3,20,1331,1377,0,"won by resignation",50
294,2,"1. e4 d5 2. exd5 Nf6 3. c4 e6 ",40,20,1368,1342,1,"won by resignation",466
498,1,"1. e4 c5 2. Bc4 Nc6 3. Nf3 Nf6 ",1,20,1387,1377,0,"won by resignation",147
377,0,"1. d4 d5 2. Bf4 c5 3. Nf3 Nc6 ",11,20,1380,1369,0,"won by resignation",40
470,1,"1. c4 e5 2. Nc3 Nf6 3. g3 Bb4 ",1,20,1320,1360,0,"won by checkmate",9
148,2,"1. e4 e6 2. d4 b6 3. c4 Bb7 ",5,20,1369,1386,1,"game abandoned",646
598,1,"1. e4 c5 2. Nf3 d6 3. Nc3 Nf6 ",2,20,1397,1378,0,"won by resignation",325
470,2,"1. e4 c5 2. Nf3 Nc6 3. d4 cxd4 ",44,16,1370,1393,1,"won by resignation",394
516,2,"1. d4 d5 2. c4 e5 3. dxe5 d4 ",13,20,1399,1371,0,"draw",65
415,1,"1. e4 b6 2. d4 Bb7 3. Bd3 e6 ",17,20,1379,1354,1,"won by checkmate",122
441,2,"1. e4 e6 2. d4 d5 3. e5 Nc6 ",1,20,1371,1389,1,"won by resignation",664
218,1,"1. e4 e5 2. Nf3 Nc6 3. c3 Bc5 ",4,20,1379,1352,1,"won by resignation",567
591,2,"1. e4 c5 2. Nf3 Nc6 3. Bc4 e6 ",1,20,1440,1380,0,"draw",355
539,0,"1. e4 c5 2. Nf3 d6 3. d4 cxd4 ",16,20,1327,1371,0,"won by resignation",283
143,1,"1. d4 d5 2. Nf3 c5 3. dxc5 Nc6 ",1,20,1345,1379,0,"won by checkmate",104
291,1,"1. e4 c5 2. Nf3 d6 3. Nc3 Nc6 ",1,20,1347,1386,0,"won by resignation",322
342,0,"1. e4 c5 2. Nf3 Nc6 3. d4 cxd4 ",8,20,1393,1331,1,"won by resignation",403
305,2,"1. e4 c5 2. Nc3 Nc6 3. Bb5 e6 ",2,20,1323,1391,0,"draw",215
28,0,"1. e4 Nf6 2. e5 d6 3. exf6 exf6 ",4,20,1398,1334,1,"won by resignation",690
279,2,"1. e4 c5 2. d3 Nc6 3. Be2 g6 ",4,20,1405,1406,0,"won by resignation",164
449,1,"1. e4 c5 2. Nf3 e6 3. d4 cxd4 ",58,20,1415,1439,1,"won by checkmate",341
449,2,"1. e4 e5 2. Nf3 Nc6 3. c3 h6 ",5,20,1409,1506,1,"won by resignation",600
478,2,"1. e4 c5 2. Nf3 Nc6 3. d4 cxd4 ",89,20,1400,1390,1,"won by resignation",404
349,0,"1. e4 c5 2. Nf3 Nc6 3. d4 cxd4 ",23,20,1407,1371,1,"won by resignation",407
490,0,"1. e4 c5 2. Nf3 d6 3. d4 cxd4 ",238,20,1481,1417,0,"won by resignation",313
261,2,"1. e4 c5 2. Nc3 Nc6 3. g3 e6 ",8,20,1424,1425,0,"won by resignation",220
477,0,"1. e4 c5 2. c3 Nf6 3. e5 Nd5 ",8,20,1405,1416,0,"won by resignation",160
483,0,"1. e4 c6 2. d4 d5 3. e5 c5 ",43,20,1423,1384,1,"won by resignation",453
523,2,"1. e4 c5 2. Nf3 d5 3. e5 d4 ",1,20,1395,1431,0,"won by resignation",224
416,0,"1. e4 c5 2. Nc3 e6 3. Nf3 Nc6 ",2,20,1438,1423,0,"won by resignation",209
33,2,"1. e4 c5 2. Nf3 d6 3. d4 cxd4 ",74,20,1418,1431,0,"won by resignation",305
609,1,"1. e4 b6 2. Bc4 Bb7 3. Nc3 e6 ",7,20,1439,1440,1,"won by checkmate",121
629,0,"1. e4 c6 2. d4 d5 3. e5 Bf5 ",30,20,1446,1389,1,"won by resignation",442
135,2,"1. e4 e6 2. d4 d6 3. e5 Bd7 ",15,20,1287,1264,1,"won by resignation",665
67,1,"1. e4 e6 2. d4 d6 3. Nf3 Bd7 ",4,20,1280,1331,1,"won by checkmate",667
96,1,"1. e3 d5 2. g3 e5 3. b3 Be6 ",2,20,1316,1289,0,"won by checkmate",114
119,0,"1. g3 c5 2. Bg2 Nc6 3. e3 Nf6 ",7,20,1308,1281,0,"won by resignation",699
79,1,"1. e4 c5 2. Bc4 Nc6 3. Qf3 e6 ",9,20,1290,1289,0,"won by checkmate",148
119,0,"1. e4 e5 2. Nf3 Nc6 3. c3 Bc5 ",3,20,1282,1340,1,"won by resignation",547
62,2,"1. e4 c5 2. Nf3 e6 3. d4 Nc6 ",10,20,1273,1246,1,"won by resignation",342
66,1,"1. e4 c5 2. Nc3 Nc6 3. Bb5 e6 ",1,20,1251,1281,0,"won by checkmate",214
32,1,"1. e4 c5 2. d3 d6 3. h3 Nc6 ",1,20,1264,1272,0,"won by checkmate",163
126,1,"1. e4 e5 2. Nf3 Qf6 3. Bc4 Bc5 ",16,20,1266,1381,1,"won by resignation",643
143,1,"1. e4 e5 2. Nf3 Nc6 3. c3 d6 ",1,20,1273,1211,1,"won by resignation",586
90,1,"1. e4 c5 2. d3 Nc6 3. f3 Nf6 ",2,20,1290,1282,0,"won by checkmate",167
66,1,"1. e4 e5 2. Nf3 d6 3. Bc4 h6 ",10,20,1290,1265,1,"won by checkmate",534
112,1,"1. e4 c6 2. Nf3 d5 3. e5 e6 ",1,20,1282,1313,1,"won by checkmate",458
123,1,"1. e4 g6 2. d4 a6 3. Nf3 e6 ",85,20,1274,1298,1,"won by resignation",672
139,2,"1. d4 d5 2. Be3 Nf6 3. Nc3 e6 ",25,20,1248,1265,0,"won by resignation",21
105,1,"1. e4 d5 2. exd5 Nf6 3. Nc3 Nxd5 ",301,20,1274,1284,1,"won by checkmate",470
504,2,"1. e4 c5 2. Bc4 Nc6 3. Qf3 e6 ",3,20,1413,1437,0,"won by resignation",149
320,0,"1. e4 c5 2. Nc3 d6 3. Nf3 Nc6 ",9,20,1429,1429,0,"won by resignation",204
679,2,"1. e4 c5 2. Nf3 d6 3. d4 cxd4 ",2,20,1396,1428,0,"draw",299
439,2,"1. e4 c5 2. Nf3 Nc6 3. d4 cxd4 ",51,20,1419,1388,1,"won by resignation",408
393,1,"1. e4 e5 2. Nf3 Nc6 3. c3 Bc5 ",1,20,1409,1352,1,"won by checkmate",570
500,2,"1. e4 c5 2. Nf3 d6 3. d4 cxd4 ",21,20,1454,1418,0,"won by resignation",309
353,2,"1. e4 e5 2. Nf3 Nc6 3. c3 d6 ",1,20,1409,1377,1,"won by resignation",593
379,1,"1. e4 c5 2. Nf3 d6 3. d4 cxd4 ",13,20,1382,1417,0,"won by resignation",296
456,0,"1. e4 e5 2. Nf3 Nc6 3. c3 Nf6 ",3,20,1425,1416,1,"won by resignation",624
408,0,"1. e4 g6 2. d4 Bg7 3. Nf3 d6 ",1,20,1432,1358,1,"won by resignation",676
427,1,"1. e4 e5 2. Nf3 Nc6 3. c3 Bc5 ",2,20,1441,1450,1,"won by checkmate",571
569,0,"1. d4 d5 2. Bf4 c5 3. Nf3 Bg4 ",1,20,1485,1434,0,"won by resignation",39
529,2,"1. c4 Nf6 2. Nc3 g6 3. Nf3 Bg7 ",35,20,1394,1441,0,"won by resignation",18
461,2,"1. c4 Nf6 2. g3 g6 3. Nf3 Bg7 ",1,20,1412,1448,0,"won by resignation",17
323,0,"1. e4 d6 2. d4 Nf6 3. Nc3 g6 ",2,20,1457,1476,1,"won by resignation",511
216,0,"1. e4 c5 2. Nf3 d6 3. d4 cxd4 ",42,20,1467,1546,1,"won by resignation",312
389,0,"1. d4 d5 2. c4 e5 3. cxd5 Qxd5 ",4,20,1362,1456,0,"won by resignation",51
418,0,"1. e4 c5 2. f4 Nc6 3. Nf3 g6 ",17,20,1435,1447,0,"won by resignation",198
428,2,"1. d4 d5 2. c4 e5 3. dxe5 d4 ",5,20,1504,1440,0,"won by resignation",69
334,1,"1. e4 c5 2. Nf3 Nc6 3. d4 cxd4 ",22,20,1432,1450,1,"won by resignation",412
313,2,"1. e4 e6 2. d4 d5 3. e5 c5 ",52,20,1423,1398,1,"won by resignation",663
607,0,"1. e4 b6 2. d4 Bb7 3. Nc3 e6 ",17,20,1415,1413,1,"won by resignation",123
54,2,"1. e4 c5 2. Nf3 ",1,20,1423,1424,1,"game abandoned",222
198,0,"1. e4 c5 2. Nf3 d6 3. Bc4 Nc6 ",11,20,1470,1416,0,"won by resignation",246
589,0,"1. e4 b6 2. d4 Bb7 3. Nc3 e6 ",87,20,1424,1410,1,"won by resignation",124
257,1,"1. e4 c5 2. Nf3 d6 3. Bb5+ Bd7 ",13,20,1410,1432,0,"won by checkmate",228
574,0,"1. e4 c5 2. Nf3 Nc6 3. d4 cxd4 ",31,20,1439,1389,1,"won by resignation",413
335,0,"1. e4 c5 2. Nf3 d6 3. Nc3 Nc6 ",6,18,1410,1430,0,"won by resignation",323
166,1,"1. e4 c5 2. Nf3 d6 3. Bc4 Nc6 ",2,20,1434,1422,0,"won by checkmate",244
514,0,"1. e4 e5 2. Nf3 Nc6 3. c3 Nf6 ",1,20,1430,1406,1,"won by resignation",626
610,2,"1. e4 c5 2. Bc4 Nf6 3. e5 d5 ",1,20,1383,1429,0,"draw",150
476,2,"1. e4 c5 2. Nf3 d6 3. d4 cxd4 ",2,20,1402,1428,0,"draw",301
30,2,"1. e4 c5 2. Nf3 Nc6 3. d4 cxd4 ",69,20,1420,1440,1,"won by resignation",409
236,2,"1. e4 g6 2. Nf3 Bg7 3. Bc4 d6 ",2,20,1410,1317,1,"won by resignation",683
417,0,"1. e4 c5 2. d4 cxd4 3. c3 dxc3 ",8,20,1459,1403,0,"won by resignation",179
197,0,"1. e4 d5 2. exd5 Nf6 3. Nf3 Nxd5 ",35,20,1410,1342,1,"won by resignation",476
535,2,"1. e4 d6 2. Nf3 Nf6 3. e5 dxe5 ",13,20,1417,1358,1,"won by resignation",512
306,2,"1. e4 c5 2. Nf3 Nc6 3. d4 cxd4 ",26,20,1427,1478,1,"game abandoned",410
748,0,"1. e4 e5 2. Nf3 Nc6 3. c3 d5 ",5,20,1435,1438,1,"won by resignation",582
474,0,"1. d4 d5 2. Bf4 c5 3. e3 Nc6 ",3,20,1415,1426,0,"won by resignation",36
655,0,"1. e4 c5 2. Nf3 d6 3. d4 cxd4 ",22,20,1455,1419,0,"won by resignation",310
405,0,"1. e4 c5 2. Nf3 d6 3. d4 cxd4 ",22,20,1428,1441,1,"won by resignation",306
371,0,"1. d4 d5 2. e3 Nf6 3. Nf3 Bf5 ",7,20,1464,1421,0,"won by resignation",93
546,2,"1. c4 g6 2. Nc3 Bg7 3. d4 Nf6 ",6,20,1492,1431,0,"won by resignation",11
263,0,"1. e4 d5 2. exd5 Nf6 3. Nf3 Bg4 ",9,20,1438,1400,1,"won by resignation",471
437,0,"1. d4 d5 2. Nf3 Nf6 3. c4 e6 ",1,20,1430,1430,0,"won by resignation",109
141,2,"1. e4 c5 2. Nf3 d6 3. Bb5+ Bd7 ",9,20,1513,1440,0,"won by resignation",229
554,2,"1. e4 c5 2. Nc3 e6 3. f4 Nc6 ",1,20,1474,1449,0,"won by resignation",208
358,1,"1. e4 e5 2. Nf3 Nc6 3. c3 Qf6 ",2,20,1456,1408,1,"won by checkmate",630
475,2,"1. e4 d5 2. exd5 Qxd5 3. Nc3 Qa5 ",127,20,1448,1482,1,"won by resignation",486
316,0,"1. Nf3 d5 2. g3 Nf6 3. Bg2 g6 ",1,20,1533,1442,0,"won by resignation",708
25,0,"1. e4 d6 2. Nf3 Nf6 3. e5 dxe5 ",5,20,1450,1439,1,"won by resignation",513
411,2,"1. e4 c5 2. Nf3 e6 3. Be2 Nc6 ",1,20,1441,1395,1,"won by resignation",331
610,0,"1. e4 e5 2. Nf3 d6 3. Bc4 Be6 ",97,20,1450,1475,1,"won by resignation",521
593,0,"1. d4 d5 2. c4 e5 3. dxe5 d4 ",23,20,1382,1440,0,"won by resignation",63
572,0,"1. e4 c5 2. Bc4 Nc6 3. Nc3 e6 ",13,20,1411,1431,0,"won by resignation",142
430,1,"1. e4 g6 2. d4 Bg7 3. c4 c6 ",9,20,1438,1365,1,"won by checkmate",673
361,0,"1. d4 d5 2. Bf4 c5 3. c3 Bf5 ",1,20,1464,1430,0,"won by resignation",22
154,0,"1. e4 c5 2. Nf3 d6 3. g3 Nc6 ",5,20,1395,1421,0,"won by resignation",317
375,2,"1. e4 c5 2. Nf3 d6 3. d4 cxd4 ",54,20,1440,1413,0,"won by resignation",308
3,2,"1. e4 c5 ",1,20,1405,1422,1,"won by resignation",130
346,2,"1. e4 e5 2. Nf3 Nc6 3. c3 Nf6 ",1,20,1395,1332,1,"won by resignation",622
291,1,"1. e4 c5 2. Nf3 Nc6 3. d4 cxd4 ",85,20,1403,1396,1,"won by checkmate",406
493,1,"1. e3 e5 2. Nc3 Bb4 3. Bc4 Bxc3 ",1,20,1410,1351,1,"won by checkmate",118
391,1,"1. b4 d5 2. Bb2 Bf5 3. e3 Nd7 ",1,20,1360,1417,0,"won by checkmate",8
601,1,"1. e4 e5 2. Nf3 Nc6 3. c3 d6 ",1,20,1409,1413,1,"won by checkmate",594
463,1,"1. d4 d5 2. e3 e5 3. c3 Bf5 ",1,20,1458,1402,0,"won by checkmate",88
446,2,"1. e4 e5 2. Nf3 Nc6 3. c3 Nf6 ",1,20,1394,1431,1,"won by resignation",621
423,2,"1. d4 d5 2. Bf4 c5 3. e3 Bf5 ",1,20,1423,1386,0,"won by resignation",26
408,1,"1. d4 d5 2. c4 e5 3. Nc3 exd4 ",1,20,1373,1377,0,"won by checkmate",78
407,0,"1. e4 c5 2. Nc3 e6 3. d4 cxd4 ",1,20,1406,1370,0,"won by resignation",206
503,0,"1. e4 c5 2. Nf3 Nc6 3. d4 cxd4 ",6,20,1379,1387,1,"won by resignation",397
470,2,"1. e4 c6 2. d4 d5 3. e5 Bf5 ",43,20,1371,1388,1,"won by resignation",440
133,2,"1. e4 d5 2. exd5 Qxd5 3. Nc3 Nf6 ",4,20,1274,1265,1,"draw",477
413,1,"1. e4 c5 2. Nf3 d6 3. Nc3 Nf6 ",3,20,1400,1364,0,"won by resignation",326
194,0,"1. e4 c5 2. Nf3 d6 3. d4 cxd4 ",31,20,1373,1381,1,"won by resignation",295
93,2,"1. e4 c5 2. Nf3 d6 3. d4 cxd4 ",29,20,1404,1382,0,"won by resignation",302
440,0,"1. e4 c5 2. Nf3 Nc6 3. Nc3 e6 ",2,20,1365,1373,0,"won by resignation",419
518,1,"1. e4 d5 2. exd5 Nf6 3. Nf3 Nxd5 ",3,20,1381,1351,1,"won by resignation",475
45,2,"1. d4 d5 2. c4 e5 3. dxe5 d4 ",4,20,1344,1388,0,"won by resignation",61
474,2,"1. e4 c5 2. Nf3 d6 3. d4 cxd4 ",10,20,1310,1394,0,"won by resignation",277
103,2,"1. e4 c5 2. Nf3 d6 3. d4 cxd4 ",7,20,1392,1386,0,"won by resignation",297
94,0,"1. e4 g6 2. d4 Bg7 3. e5 b6 ",36,20,1283,1288,1,"won by resignation",674
73,1,"1. e4 c5 2. Nf3 d6 3. Bc4 Nc6 ",6,20,1272,1275,0,"won by checkmate",235
191,2,"1. e4 e5 2. Nf3 Nc6 3. c3 Nf6 ",1,20,1378,1374,1,"won by resignation",618
51,2,"1. e4 c5 2. Nf3 d6 3. Nc3 g6 ",2,20,1385,1312,1,"won by resignation",319
544,2,"1. e4 c5 2. Nf3 Nc6 3. d4 cxd4 ",130,20,1376,1346,1,"won by resignation",396
307,1,"1. e4 e5 2. Nf3 Nc6 3. c3 Bc5 ",2,20,1369,1445,1,"won by resignation",565
596,1,"1. e4 d5 2. exd5 Nf6 3. Nf3 Nxd5 ",64,20,1376,1329,1,"won by resignation",474
283,1,"1. d4 d5 2. c4 e5 3. dxe5 d4 ",1,20,1322,1383,0,"won by checkmate",58
587,2,"1. e4 d5 2. exd5 Nf6 3. d6 Qxd6 ",2,20,1382,1323,1,"draw",469
432,2,"1. d4 d5 2. Bf4 c5 3. c4 cxd4 ",2,20,1316,1389,0,"won by resignation",24
464,1,"1. e4 d5 2. exd5 Nf6 3. c4 e6 ",75,20,1395,1310,1,"won by resignation",467
465,0,"1. d4 d5 2. c4 e5 3. c5 e4 ",1,20,1320,1385,0,"won by resignation",46
333,1,"1. e4 e5 2. Nf3 Nc6 3. c3 Nf6 ",1,20,1392,1313,1,"won by checkmate",620
395,2,"1. d4 d5 2. g3 Nf6 3. Bg2 Bf5 ",1,20,1323,1382,0,"won by resignation",98
302,2,"1. e4 c5 2. Nf3 d6 3. Bc4 Nc6 ",6,20,1389,1390,0,"won by resignation",243
545,2,"1. e4 c5 2. Nf3 d6 3. d4 cxd4 ",61,20,1367,1398,0,"won by resignation",292
410,2,"1. e4 e5 2. Nf3 Nc6 3. c3 d5 ",3,20,1390,1403,1,"won by resignation",580
372,2,"1. e4 g6 2. Nf3 Bg7 3. d4 b6 ",1,20,1383,1423,1,"won by resignation",686
340,2,"1. d4 d5 2. e4 dxe4 3. Be3 Nf6 ",141,20,1424,1392,0,"won by resignation",94
294,0,"1. e4 d5 2. exd5 Qxd5 3. Nc3 Qd6 ",17,20,1399,1323,1,"won by resignation",488
237,0,"1. d4 d5 2. c4 e5 3. cxd5 Qxd5 ",4,20,1376,1390,0,"won by resignation",53
418,0,"1. e4 c6 2. d4 d5 3. e5 Bf5 ",76,20,1399,1427,1,"won by resignation",441
427,0,"1. e4 c5 2. Nc3 Nc6 3. f4 e6 ",10,20,1399,1391,0,"won by resignation",219
210,2,"1. e4 c5 2. Nf3 Nc6 3. d4 cxd4 ",17,20,1382,1355,1,"won by resignation",398
541,2,"1. d4 d5 2. c4 e5 3. dxe5 d4 ",3,20,1325,1389,0,"won by resignation",59
496,2,"1. e4 c5 2. Bc4 Nc6 3. Nf3 e6 ",6,20,1350,1396,0,"won by resignation",146
562,1,"1. e4 e5 2. Nf3 Nc6 3. c3 Nf6 ",2,20,1386,1326,1,"won by resignation",619
354,1,"1. e4 e5 2. Nf3 Qf6 3. Nc3 c6 ",37,20,1394,1387,1,"won by checkmate",645
329,2,"1. e4 e6 2. d4 c6 3. Nf3 d5 ",17,20,1384,1328,1,"won by resignation",649
401,1,"1. d4 d5 2. c4 e5 3. dxe5 d4 ",2,20,1385,1392,0,"won by checkmate",64
542,0,"1. d4 d5 2. Bf4 c5 3. e3 Nc6 ",1,20,1394,1384,0,"won by resignation",35
400,2,"1. e4 c5 2. c3 Nc6 3. d4 cxd4 ",13,20,1406,1393,0,"won by resignation",156
401,1,"1. e4 e5 2. Nf3 Nc6 3. c3 Bc5 ",3,20,1385,1419,1,"won by checkmate",568
399,1,"1. e4 c5 2. Nf3 d6 3. Bc4 Nc6 ",2,20,1378,1393,0,"won by checkmate",241
451,1,"1. e4 c5 2. Nf3 Nc6 3. d4 cxd4 ",34,20,1401,1395,1,"won by checkmate",405
129,2,"1. e4 c6 2. d4 d5 3. e5 c5 ",24,20,1394,1431,1,"won by resignation",452
516,1,"1. e4 c5 2. Nf3 d6 3. d4 cxd4 ",21,20,1401,1402,0,"won by resignation",300
446,0,"1. e4 e5 2. Nf3 Nc6 3. c3 d6 ",1,20,1410,1380,1,"won by resignation",595
542,0,"1. e4 e5 2. Nf3 d6 3. Bc4 Nf6 ",7,20,1419,1428,1,"won by resignation",538
388,1,"1. e4 g6 2. Nf3 b6 3. Bc4 e6 ",23,20,1425,1313,1,"won by checkmate",680
310,0,"1. e4 c5 2. Nf3 d6 3. d4 cxd4 ",94,20,1409,1416,0,"won by resignation",303
438,1,"1. e4 e6 2. d4 d5 3. e5 c5 ",50,20,1407,1396,1,"won by checkmate",661
270,2,"1. e4 c5 2. Nf3 d6 3. d4 cxd4 ",22,20,1464,1417,0,"won by resignation",311
598,0,"1. e4 c5 2. f4 Nc6 3. Bc4 e6 ",1,20,1345,1424,0,"won by resignation",190
524,0,"1. e4 c5 2. Nf3 d6 3. d4 cxd4 ",36,20,1370,1415,0,"won by resignation",293
444,2,"1. e4 d6 2. d4 Nf6 3. Nc3 g6 ",18,20,1423,1413,1,"won by resignation",510
273,1,"1. e4 e5 2. Nf3 Nc6 3. c3 Nf6 ",3,20,1429,1348,1,"won by checkmate",625
433,1,"1. c4 g6 2. Nc3 Bg7 3. Nf3 Nf6 ",6,20,1346,1435,0,"won by checkmate",12
374,1,"1. e4 e5 2. Nf3 Nc6 3. c3 d5 ",6,20,1426,1409,1,"won by checkmate",581
619,2,"1. e4 e6 2. d4 d5 3. e5 a6 ",3,20,1427,1454,1,"draw",650
541,0,"1. Nf3 d5 2. e4 dxe4 3. Ng5 Nf6 ",65,20,1414,1418,0,"won by resignation",706
399,0,"1. e4 c6 2. d4 d5 3. f3 g6 ",3,20,1442,1410,0,"won by resignation",455
343,1,"1. e4 e6 2. d4 d5 3. e5 c5 ",36,20,1416,1310,1,"won by checkmate",662
282,2,"1. d4 d5 2. e3 Bf5 3. Bd3 e6 ",4,20,1404,1408,0,"won by resignation",82
111,2,"1. d4 d5 2. Bf4 c5 3. Nf3 Nc6 ",4,20,1489,1402,0,"won by resignation",41
97,2,"1. e4 e6 2. d4 d5 3. e5 c5 ",25,20,1395,1471,1,"won by resignation",660
436,1,"1. d4 d5 2. c4 e5 3. Nc3 exd4 ",3,20,1398,1403,0,"won by checkmate",79
499,2,"1. e4 e5 2. Nf3 Nc6 3. c3 Nf6 ",9,20,1411,1415,1,"won by resignation",623
530,2,"1. e4 e5 2. Nf3 Nc6 3. c3 g6 ",1,20,1403,1426,1,"won by resignation",597
31,2,"1. e4 e5 2. Nf3 d6 3. Bc4 Bg4 ",3,20,1394,1368,1,"won by resignation",530
391,2,"1. e4 c5 2. Nf3 Nc6 3. c3 g6 ",1,20,1357,1385,0,"won by resignation",365
577,1,"1. e4 e5 2. Nf3 d6 3. Bc4 c6 ",149,20,1379,1476,1,"won by resignation",533
481,1,"1. e4 c5 2. f4 Nc6 3. Nf3 g6 ",6,20,1327,1370,0,"won by resignation",196
3499,2,"1. e4 c5 2. Nf3 a6 3. e5 d6 ",1,20,1482,1559,1,"won by resignation",223
392,2,"1. Nf3 c5 2. c4 Nc6 3. Nc3 g6 ",1,20,1427,1363,0,"won by resignation",702
309,0,"1. d4 d5 2. c4 e5 3. dxe5 d4 ",6,20,1412,1356,0,"won by resignation",66
590,1,"1. e4 c5 2. Nc3 e6 3. d4 Nf6 ",1,20,1310,1363,0,"won by resignation",207
565,0,"1. e4 e5 2. Nf3 Nc6 3. c3 Nf6 ",3,20,1370,1316,1,"won by resignation",617
387,0,"1. e4 c5 2. Nf3 d6 3. d4 cxd4 ",2,18,1395,1362,0,"won by resignation",298
521,1,"1. e4 d5 2. exd5 Qxd5 3. Nc3 Qa5 ",57,20,1354,1375,1,"won by checkmate",484
345,0,"1. e4 e5 2. Nf3 Nc6 3. c3 h6 ",1,20,1362,1337,1,"won by resignation",599
539,1,"1. d3 d5 2. f4 Nf6 3. Nf3 e6 ",1,20,1308,1369,0,"won by checkmate",19
1135,2,"1. e4 b6 2. d4 Bb7 3. Nd2 e6 ",1,20,1481,1465,1,"draw",129
525,2,"1. e4 c5 2. c4 Nc6 3. Nf3 e6 ",4,20,1454,1505,0,"won by resignation",161
847,1,"1. e4 e6 2. d4 c6 3. c4 Ne7 ",6,20,1478,1463,1,"won by resignation",648
414,1,"1. e4 c5 2. c4 Nc6 3. Nf3 g6 ",3,20,1455,1499,0,"won by checkmate",162
681,1,"1. e4 c5 2. Nf3 Nc6 3. d4 cxd4 ",3,20,1454,1518,0,"won by checkmate",414
231,2,"1. e4 Nc6 2. Nf3 e5 3. Bb5 a6 ",7,20,1497,1511,1,"won by resignation",689
647,2,"1. e4 c5 2. d4 cxd4 3. c3 dxc3 ",10,20,1503,1516,0,"game abandoned",180
953,1,"1. e4 c5 2. c3 e6 3. d4 Nf6 ",1,20,1463,1531,0,"won by checkmate",152
525,0,"1. e4 a5 2. Nf3 g6 3. Bc4 Bg7 ",1,20,1378,1421,1,"won by resignation",120
297,1,"1. e4 c5 2. Nf3 Nc6 3. d4 cxd4 ",35,20,1386,1360,1,"won by checkmate",400
508,2,"1. e4 c5 2. Bc4 Nc6 3. c3 Nf6 ",1,20,1427,1395,0,"won by resignation",139
480,0,"1. e4 d5 2. exd5 e6 3. dxe6 Bxe6 ",48,20,1388,1430,1,"won by resignation",462
427,2,"1. e4 e5 2. Nf3 g6 3. Nxe5 Bg7 ",2,20,1530,1506,1,"draw",540
787,2,"1. e4 e5 2. Nf3 Nc6 3. c3 Nf6 ",1,20,1516,1581,1,"won by resignation",628
118,1,"1. e4 c5 2. f4 g6 3. Nf3 Bg7 ",2,20,1530,1500,0,"won by checkmate",189
1060,0,"1. e4 c5 2. c3 Nf6 3. d3 d5 ",1,20,1541,1486,0,"won by resignation",157
347,2,"1. e4 e5 2. Nf3 d6 3. Bc4 h6 ",4,20,1486,1493,1,"draw",535
781,2,"1. d4 d5 2. c4 e5 3. dxe5 d4 ",2,20,1515,1473,0,"won by resignation",70
82,1,"1. d4 d5 2. e4 dxe4 3. Nc3 Nf6 ",1,20,1281,1285,0,"won by checkmate",96
148,0,"1. e4 c5 2. Nf3 d6 3. d4 cxd4 ",4,20,1295,1298,1,"won by resignation",274
68,2,"1. e4 d6 2. d4 Nf6 3. e5 dxe5 ",3,18,1285,1285,1,"won by resignation",508
112,1,"1. e4 c5 2. Nf3 d6 3. d4 cxd4 ",1,20,1227,1293,0,"won by checkmate",264
128,2,"1. d4 d5 2. Bg5 f6 3. Bh4 Nc6 ",16,20,1270,1301,0,"won by resignation",43
191,2,"1. e4 c5 2. Nf3 d6 3. d4 Nc6 ",1,20,1389,1426,1,"draw",315
496,1,"1. e4 e5 2. Nf3 Nc6 3. c3 Be7 ",1,20,1381,1410,1,"won by resignation",575
41,0,"1. b3 Nf6 2. Bb2 d5 3. e3 Nc6 ",1,20,1412,1374,0,"won by resignation",7
270,2,"1. e4 e5 2. Nf3 d6 3. Bc4 Be7 ",23,20,1365,1354,1,"won by resignation",524
470,1,"1. e4 c5 2. Nf3 Nc6 3. c3 e6 ",8,20,1440,1359,0,"won by checkmate",361
17,2,"1. e4 e5 2. Nf3 Nc6 3. c3 Nf6 ",1,20,1351,1376,1,"won by resignation",612
345,0,"1. e4 c5 2. Nf3 d6 3. d4 cxd4 ",1,20,1356,1343,0,"won by resignation",289
259,0,"1. e4 e5 2. Nf3 Nf6 3. Nxe5 d6 ",21,20,1350,1313,1,"won by resignation",633
273,2,"1. d4 d5 2. e4 dxe4 3. Nc3 Nf6 ",13,20,1393,1359,0,"won by resignation",97
270,1,"1. e4 e5 2. Nf3 Nc6 3. c3 Bc5 ",1,20,1367,1339,1,"won by resignation",564
473,2,"1. e4 c5 2. Nf3 d6 3. d4 cxd4 ",10,20,1256,1373,0,"won by resignation",267
470,1,"1. e4 c5 2. d4 cxd4 3. Qxd4 Nc6 ",55,20,1369,1365,0,"won by checkmate",186
226,2,"1. e4 c5 2. Nf3 Nc6 3. d4 cxd4 ",123,20,1358,1399,1,"won by resignation",390
440,0,"1. f4 Nc6 2. Nf3 d5 3. e3 g6 ",1,20,1408,1351,0,"won by resignation",698
17657,2,"1. e4 c5 2. Nf3 d6 3. d4 ",1,20,1158,1008,1,"won by resignation",256
396,2,"1. e4 e5 2. Nf3 Nc6 3. c3 d6 ",6,18,1344,1380,1,"won by resignation",591
395,0,"1. e4 c5 2. Nf3 Nc6 3. d4 cxd4 ",10,18,1338,1336,0,"won by resignation",386
537,2,"1. e4 c5 2. Nf3 e6 3. c4 Nc6 ",1,20,1328,1338,1,"won by resignation",332
489,1,"1. e4 c5 2. Nf3 d6 3. d4 cxd4 ",22,20,1434,1339,0,"won by checkmate",307
437,2,"1. e4 e5 2. Nf3 Nf6 3. Nxe5 Nc6 ",6,20,1332,1395,1,"won by resignation",636
524,1,"1. e4 c5 2. Nf3 Nc6 3. Bc4 e6 ",1,20,1314,1340,0,"won by checkmate",349
77,1,"1. e4 c5 2. Nf3 e6 3. d3 a6 ",1,20,1291,1287,1,"won by checkmate",333
77,1,"1. e4 e5 2. Nf3 d6 3. Bc4 c6 ",367,20,1300,1285,1,"won by checkmate",532
114,2,"1. e4 e6 2. Nf3 d5 3. e5 c6 ",2,20,1291,1289,1,"won by resignation",670
123,0,"1. d4 d5 2. Nc3 e6 3. e4 dxe4 ",10,20,1322,1301,0,"won by resignation",99
140,2,"1. d4 d5 2. e3 e5 3. Nf3 e4 ",2,20,1265,1292,0,"won by resignation",89
141,1,"1. e4 d5 2. exd5 Qxd5 3. Nc3 Qd8 ",104,20,1283,1265,1,"won by resignation",491
132,2,"1. d4 d5 2. c4 e5 3. cxd5 Qxd5 ",1,20,1279,1291,0,"won by resignation",49
140,1,"1. e4 e5 2. Nf3 Nc6 3. c3 a6 ",1,20,1298,1259,1,"won by resignation",542
115,1,"1. e4 e6 2. d4 d5 3. e5 c5 ",30,20,1290,1302,1,"won by resignation",654
532,1,"1. e4 c5 2. Bc4 Nc6 3. a3 Nf6 ",1,20,1318,1348,0,"won by checkmate",136
389,1,"1. e4 c5 2. Bc4 Nc6 3. f4 g6 ",1,20,1429,1342,0,"won by checkmate",141
487,1,"1. e4 c5 2. Nf3 d6 3. d4 cxd4 ",8,20,1415,1352,0,"won by resignation",304
454,2,"1. e4 e5 2. Nf3 Nc6 3. c3 Qe7 ",1,20,1346,1432,1,"won by resignation",629
512,0,"1. e4 c5 2. Nf3 d6 3. d4 cxd4 ",147,20,1354,1319,1,"won by resignation",288
495,2,"1. e4 c5 2. Nf3 Nc6 3. c3 Nf6 ",2,20,1408,1347,0,"won by resignation",368
219,1,"1. Nf3 Nc6 2. c4 Nf6 3. Nc3 g6 ",1,20,1385,1340,0,"won by checkmate",711
505,0,"1. e4 c5 2. Nf3 e6 3. Be2 d5 ",1,20,1331,1318,1,"won by resignation",330
11,2,"1. d4 d5 2. c3 Nf6 ",1,20,1325,1339,0,"won by resignation",45
515,0,"1. e4 c5 2. Nf3 d6 3. Bc4 Nc6 ",5,20,1327,1331,0,"won by resignation",237
354,0,"1. e4 g6 2. Nf3 Bg7 3. Bc4 d6 ",4,20,1320,1200,1,"won by resignation",682
132,1,"1. e4 e6 2. Nf3 d5 3. exd5 exd5 ",39,20,1281,1269,1,"won by checkmate",671
136,2,"1. d4 d5 2. c4 e5 3. cxd5 Qxd5 ",7,20,1241,1288,0,"won by resignation",47
326,0,"1. c4 Nf6 2. e3 g6 3. Nf3 Bg7 ",8,20,1300,1311,0,"won by resignation",16
538,2,"1. e4 d5 2. exd5 Nf6 3. d6 exd6 ",1,20,1319,1324,1,"won by resignation",468
404,2,"1. e4 g6 2. Nf3 Bg7 3. Bc4 d6 ",6,20,1311,1315,1,"won by resignation",681
132,1,"1. e4 c5 2. Nf3 d6 3. Bc4 Nc6 ",8,20,1251,1295,0,"won by resignation",233
57,0,"1. e4 c5 2. Nf3 e6 3. d3 h6 ",3,20,1303,1267,1,"won by resignation",334
122,1,"1. e4 b6 2. d4 Bb7 3. Nc3 g6 ",6,20,1312,1334,1,"won by checkmate",125
409,0,"1. e4 c5 2. c3 Nc6 3. d4 cxd4 ",36,20,1287,1302,0,"won by resignation",153
388,2,"1. e4 c5 2. Nf3 Nc6 3. c3 g6 ",4,20,1225,1308,0,"won by resignation",362
402,2,"1. e4 c5 2. Qh5 g6 3. Qxc5 Bg7 ",1,20,1289,1316,0,"won by resignation",423
398,1,"1. e4 d5 2. exd5 Qxd5 3. Nc3 Qd8 ",89,20,1307,1288,1,"won by checkmate",492
469,2,"1. e4 c5 2. Nf3 d6 3. Nc3 Nc6 ",3,20,1272,1314,0,"won by resignation",320
417,0,"1. e4 e5 2. Nf3 Nc6 3. c3 d5 ",2,20,1323,1364,1,"won by resignation",578
462,1,"1. e4 c5 2. Nc3 e6 3. b3 d5 ",6,20,1288,1330,0,"won by checkmate",205
492,0,"1. e4 c5 2. Nf3 Nc6 3. d4 cxd4 ",2,20,1313,1321,0,"won by resignation",377
209,2,"1. e4 e5 2. Nf3 Nc6 3. c3 d6 ",3,20,1313,1314,1,"won by resignation",588
431,0,"1. e4 e5 2. Nf3 d6 3. Bc4 Bg4 ",29,20,1320,1279,1,"won by resignation",528
149,2,"1. e4 e5 2. Nf3 Bc5 3. Nxe5 Nf6 ",1,20,1311,1300,1,"won by resignation",516
342,2,"1. e4 c5 2. Nf3 d6 3. d4 cxd4 ",11,20,1343,1304,0,"game abandoned",285
62,0,"1. e4 d5 2. exd5 Qxd5 3. Nc3 Qd8 ",14,20,1311,1258,1,"won by resignation",493
442,2,"1. e4 c5 2. Bc4 Nc6 3. c3 Nf6 ",1,20,1319,1303,0,"won by resignation",138
383,2,"1. e4 e5 2. Nf3 Nc6 3. c3 Bc5 ",3,20,1297,1384,1,"won by resignation",549
246,1,"1. d4 d5 2. c4 e5 3. dxe5 d4 ",2,20,1332,1306,0,"won by checkmate",60
524,1,"1. e4 c6 2. d4 d5 3. e5 c5 ",15,20,1313,1277,1,"won by checkmate",444
415,0,"1. e4 c5 2. Nf3 Nc6 3. Bb5 a6 ",11,20,1319,1222,1,"won by resignation",344
671,1,"1. e4 c5 2. Bc4 Nc6 3. Nc3 g6 ",2,20,1340,1328,0,"won by checkmate",143
489,2,"1. e4 c5 2. Nf3 Nc6 3. c3 g6 ",5,20,1403,1338,0,"won by resignation",367
410,2,"1. e4 e5 2. Nf3 d6 3. Bc4 Nc6 ",46,20,1331,1399,1,"won by resignation",536
476,0,"1. Nf3 g6 2. g3 Bg7 3. Bg2 Nf6 ",1,20,1316,1339,0,"won by resignation",710
586,0,"1. e4 c5 2. Nf3 d6 3. d4 cxd4 ",18,20,1372,1332,0,"won by resignation",294
207,1,"1. e4 c5 2. Nf3 Nc6 3. d4 cxd4 ",22,20,1339,1273,1,"won by checkmate",387
385,1,"1. e4 c5 2. Nf3 Nc6 3. d4 cxd4 ",71,20,1330,1313,1,"won by checkmate",385
575,0,"1. e4 c6 2. d4 d5 3. e5 Bf5 ",65,20,1337,1265,1,"won by resignation",433
212,2,"1. d4 d5 2. c4 e5 3. dxe5 d4 ",4,20,1276,1344,0,"won by resignation",56
354,0,"1. e4 c5 2. f4 Nc6 3. Nf3 g6 ",4,20,1432,1338,0,"won by resignation",197
464,1,"1. e4 d5 2. exd5 Qxd5 3. Nc3 Qd8 ",40,20,1345,1281,1,"won by checkmate",495
303,1,"1. d4 d5 2. Bf4 c5 3. e3 Nc6 ",7,20,1342,1353,0,"won by resignation",33
225,2,"1. d4 d5 2. c4 e5 3. dxe5 d4 ",3,20,1482,1364,0,"won by resignation",68
431,1,"1. e4 c5 2. Nf3 Nc6 3. Bc4 Nf6 ",2,20,1359,1372,0,"won by resignation",357
172,1,"1. e4 d6 2. d4 g6 3. Nf3 Bg7 ",14,20,1381,1394,1,"won by checkmate",506
229,0,"1. e4 e5 2. Nf3 Nc6 3. c3 Bc5 ",2,20,1391,1441,1,"won by resignation",569
568,1,"1. e3 e5 2. b3 f6 3. Bb2 b6 ",1,20,1382,1357,1,"won by resignation",116
52,2,"1. e4 c5 2. Nc3 g6 3. f4 Bg7 ",4,20,1302,1372,0,"won by resignation",213
352,1,"1. e4 c5 2. f4 Nc6 3. Nf3 e6 ",1,20,1364,1364,0,"won by resignation",194
638,0,"1. e4 e5 2. Nf3 Qf6 3. Bc4 Bc5 ",55,20,1372,1357,1,"won by resignation",644
519,0,"1. e4 c5 2. Nf3 Nc6 3. d4 cxd4 ",24,20,1392,1364,0,"won by resignation",402
227,0,"1. e4 Nf6 2. e5 Ng8 3. Nf3 c5 ",1,20,1370,1288,1,"won by resignation",694
435,0,"1. e4 c6 2. d4 a6 3. Nf3 d5 ",13,20,1378,1374,1,"won by resignation",424
303,0,"1. d4 d5 2. c4 e5 3. Nc3 Bb4 ",4,20,1386,1370,0,"won by resignation",74
530,2,"1. d4 d5 2. e3 Bf5 3. c4 c5 ",1,20,1305,1377,0,"won by resignation",83
94,1,"1. e4 e6 2. d4 Be7 3. Nf3 b6 ",1,20,1320,1319,1,"won by checkmate",647
65,0,"1. e4 g6 2. Nf3 Bg7 3. Be2 e6 ",1,20,1328,1316,1,"won by resignation",685
109,2,"1. d4 d5 2. c4 e5 3. e3 Nc6 ",1,20,1303,1319,0,"won by resignation",73
NA,NA,"",NA,NA,NA,NA,NA,"",1
71,1,"1. e4 c5 2. Nf3 Nc6 3. d4 cxd4 ",5,20,1294,1334,0,"won by checkmate",373
115,0,"1. e4 c5 2. Nf3 Nc6 3. Nc3 g6 ",3,20,1332,1326,0,"won by resignation",420
100,2,"1. e4 c5 2. Nf3 Nc6 3. d4 cxd4 ",296,20,1318,1348,1,"won by resignation",381
132,2,"1. Nf3 d5 2. d4 Nc6 3. Bf4 g6 ",1,20,1314,1326,0,"won by resignation",704
119,2,"1. e4 e5 2. Nf3 Nc6 3. c3 Bc5 ",1,20,1317,1305,1,"won by resignation",552
78,1,"1. e4 c5 2. Nf3 d6 3. d4 g6 ",29,20,1325,1295,1,"won by checkmate",314
123,2,"1. e4 e5 2. Nf3 Nc6 3. c3 Nf6 ",2,20,1316,1308,1,"won by resignation",609
135,0,"1. d4 d5 2. Nf3 Nc6 3. Bf4 Bf5 ",9,20,1334,1325,0,"won by resignation",106
126,0,"1. e3 e5 2. Be2 d5 3. Nf3 e4 ",1,20,1317,1327,1,"won by resignation",117
113,1,"1. e4 c5 2. Qf3 Nc6 3. Bc4 e6 ",7,20,1355,1310,0,"won by checkmate",421
100,1,"1. d4 d5 2. e4 dxe4 3. Nc3 f5 ",21,20,1328,1319,0,"won by checkmate",95
103,2,"1. e4 c5 2. Nf3 Nc6 3. Bc4 g6 ",1,20,1306,1310,0,"won by resignation",356
99,0,"1. e4 c5 2. Nf3 Nc6 3. d4 cxd4 ",60,20,1318,1286,1,"won by resignation",380
126,0,"1. e4 e5 2. Bc4 Nc6 3. Qf3 Nf6 ",39,20,1304,1309,0,"won by resignation",514
108,1,"1. e4 d5 2. e5 e6 3. Nf3 f6 ",4,20,1301,1296,1,"won by checkmate",460
92,1,"1. e4 e5 2. Nf3 Nc6 3. Bb5 Bc5 ",2,20,1293,1329,1,"won by checkmate",541
134,0,"1. e4 c5 2. f4 Nc6 3. Nf3 Qc7 ",1,20,1287,1301,0,"won by resignation",199
128,1,"1. e4 c5 2. Nf3 d6 3. Bc4 Nf6 ",90,20,1293,1329,1,"won by checkmate",248
84,1,"1. e4 e5 2. Nf3 d5 3. exd5 Qxd5 ",46,20,1285,1293,1,"won by checkmate",519
90,0,"1. e4 e5 2. Nf3 Nc6 3. c3 Bc5 ",10,20,1277,1312,1,"won by resignation",546
329,2,"1. e4 c5 2. Nf3 Nc6 3. c3 g6 ",1,20,1236,1382,0,"won by resignation",363
414,2,"1. d4 d5 2. Bf4 c5 3. e3 Nc6 ",1,20,1389,1390,0,"won by resignation",34
135,0,"1. e4 c5 2. Bc4 Nc6 3. c3 e6 ",28,20,1273,1269,0,"won by resignation",137
100,2,"1. e4 c6 2. Nf3 d5 3. e5 c5 ",2,20,1261,1282,1,"won by resignation",457
73,1,"1. d4 d5 2. c4 e5 3. Nc3 exd4 ",1,20,1207,1268,0,"won by checkmate",76
112,2,"1. e4 c5 2. Nf3 Nc6 3. c3 g6 ",8,20,1288,1260,0,"won by resignation",364
2503,1,"1. e4 e5 2. Nf3 d6 3. Bc4 Be6 ",1,20,1166,387,1,"won by checkmate",520
511,1,"1. e4 e5 2. Nf3 d6 3. Bc4 Bg4 ",83,20,1381,1371,1,"won by resignation",529
167,0,"1. d4 d5 2. Nf3 Nf6 3. Bf4 c5 ",4,20,1375,1373,0,"won by resignation",108
367,0,"1. e4 e5 2. Nf3 Nf6 3. Nxe5 Nc6 ",33,20,1363,1282,1,"won by resignation",640
372,2,"1. e4 c6 2. d4 d5 3. e5 Bf5 ",17,20,1355,1368,1,"won by resignation",437
327,0,"1. e4 c5 2. Nf3 Nc6 3. Bb5 g6 ",3,20,1382,1347,0,"won by resignation",347
374,1,"1. e4 c5 2. Nf3 d6 3. d4 cxd4 ",42,20,1354,1314,1,"won by checkmate",287
519,0,"1. f4 e5 2. fxe5 Nc6 3. Nf3 Bc5 ",1,20,1323,1345,0,"won by resignation",697
586,2,"1. d4 d5 2. c4 e6 3. Nc3 Nf6 ",7,20,1374,1354,0,"won by resignation",80
188,2,"1. e4 e5 2. Nf3 Nc6 3. c3 Bc5 ",1,20,1347,1393,1,"won by resignation",559
429,1,"1. e4 e5 2. Nf3 Nf6 3. Nxe5 Nc6 ",20,20,1357,1414,1,"won by checkmate",639
235,1,"1. e4 c5 2. Nf3 Nc6 3. Bc4 Nf6 ",1,20,1360,1349,0,"won by checkmate",358
250,0,"1. f3 d5 2. e4 e5 3. d3 Nc6 ",1,20,1378,1341,0,"won by resignation",695
520,1,"1. c4 Nf6 2. e3 g6 3. Nc3 Bg7 ",7,20,1358,1350,0,"won by resignation",15
180,0,"1. e4 c6 2. d4 d5 3. e5 Bf5 ",1,20,1359,1387,1,"won by resignation",439
479,2,"1. e4 c6 2. d4 d5 3. e5 e6 ",1,20,1354,1501,1,"won by resignation",454
525,0,"1. e4 e5 2. Nf3 Nc6 3. c3 Bc5 ",2,20,1362,1352,1,"won by resignation",563
377,2,"1. e4 e5 2. Nf3 d6 3. Bc4 Be7 ",85,20,1353,1324,1,"won by resignation",523
8,2,"1. e4 c5 2. d4 cxd4 3. c3 ",1,20,1406,1346,0,"won by resignation",169
45,2,"1. e4 d5 ",1,20,1166,400,1,"won by resignation",459
797,1,"1. e4 c5 2. Nc3 Nc6 3. Nf3 d6 ",1,20,100,1473,0,"won by resignation",221
469,1,"1. e4 d5 2. exd5 Nf6 3. Nf3 Nxd5 ",23,20,1338,1357,1,"won by resignation",472
60,2,"1. d4 d5 2. c4 e5 3. dxe5 d4 ",3,20,1293,1345,0,"won by resignation",57
409,2,"1. e4 d5 2. exd5 Qxd5 3. Nc3 Qa5 ",6,20,1338,1397,1,"won by resignation",483
662,2,"1. e4 c5 2. d4 cxd4 3. c3 dxc3 ",21,20,1327,1338,0,"draw",174
384,1,"1. d4 d5 2. e3 Nf6 3. Bd3 c5 ",1,20,1366,1347,0,"won by checkmate",91
483,1,"1. e4 c5 2. c3 Nc6 3. d4 cxd4 ",1,20,1397,1340,0,"won by resignation",155
216,0,"1. e4 e5 2. Nf3 Nc6 3. c3 d5 ",3,20,1349,1395,1,"won by resignation",579
289,2,"1. e4 c5 2. Nf3 Nc6 3. d4 cxd4 ",13,20,1340,1322,1,"won by resignation",388
279,1,"1. e4 c6 2. d4 d5 3. e5 c5 ",3,20,1332,1364,1,"won by checkmate",446
369,0,"1. e4 e5 2. Nf3 Nc6 3. c3 Bc5 ",2,20,1342,1406,1,"won by resignation",558
497,2,"1. e4 c5 2. Nf3 Nc6 3. Bc4 Nf6 ",1,20,1397,1351,0,"won by resignation",359
303,1,"1. e4 c5 2. d4 cxd4 3. c3 dxc3 ",5,20,1390,1344,0,"won by checkmate",177
305,0,"1. d4 d5 2. Bf4 c5 3. e3 Nc6 ",11,20,1331,1335,0,"won by resignation",32
294,2,"1. e4 e5 2. Nf3 Nc6 3. c3 h6 ",3,20,1327,1349,1,"won by resignation",598
495,0,"1. e4 c5 2. Qh5 e6 3. Bc4 Nf6 ",1,20,1326,1319,0,"won by resignation",422
211,0,"1. e4 e5 2. Nf3 Nc6 3. c3 Nf6 ",3,20,1325,1243,1,"game abandoned",610
428,1,"1. d4 d5 2. Bf4 c5 3. Nf3 Bf5 ",1,20,1347,1334,0,"won by resignation",38
168,2,"1. e4 c5 2. f3 Nc6 3. Nc3 e6 ",1,20,1388,1343,0,"won by resignation",188
644,2,"1. e4 e5 2. Nf3 Nc6 3. c3 Bc5 ",17,20,1342,1292,1,"draw",557
271,0,"1. e4 d5 2. exd5 Nf6 3. Nf3 Nxd5 ",20,20,1350,1323,1,"won by resignation",473
544,2,"1. e4 e5 2. Nf3 d6 3. Bc4 Qe7 ",23,20,1343,1385,1,"won by resignation",539
347,1,"1. e4 e5 2. Nf3 Nf6 3. Nxe5 Nc6 ",22,20,1349,1245,1,"won by resignation",638
